{"cameraMode":{"drawMode":0,"name":"Shaded","section":"Shading Mode"},"sceneLighting":true,"audioPlay":false,"sceneViewState":{"showFog":true,"showMaterialUpdate":true,"showSkybox":true,"showFlares":true,"showImageEffects":false,"showParticleSystems":true},"in2DMode":false,"pivot":{"x":8.980019569396973,"y":14.355046272277832,"z":-10.04672622680664},"rotation":{"x":-0.0039024632424116136,"y":0.14223319292068482,"z":0.002334579825401306,"w":0.9902942776679993},"size":32.40845489501953,"orthographic":false}