{"cameraMode":{"drawMode":0,"name":"Shaded","section":"Shading Mode"},"sceneLighting":true,"audioPlay":false,"sceneViewState":{"showFog":true,"showMaterialUpdate":true,"showSkybox":true,"showFlares":true,"showImageEffects":true,"showParticleSystems":true},"in2DMode":false,"pivot":{"x":1.533334732055664,"y":16.15863800048828,"z":-7.325685977935791},"rotation":{"x":0.06132766604423523,"y":-0.42424556612968447,"z":0.028813302516937257,"w":0.9030423164367676},"size":10.0,"orthographic":false}