{"cameraMode":{"drawMode":0,"name":"Shaded","section":"Shading Mode"},"sceneLighting":true,"audioPlay":false,"sceneViewState":{"showFog":true,"showMaterialUpdate":true,"showSkybox":true,"showFlares":true,"showImageEffects":false,"showParticleSystems":true},"in2DMode":false,"pivot":{"x":-6.863792419433594,"y":9.891763687133789,"z":-1.2049596309661866},"rotation":{"x":-0.23061543703079225,"y":0.621692955493927,"z":-0.1988265961408615,"w":-0.7220780253410339},"size":38.962318420410159,"orthographic":false}