{"cameraMode":{"drawMode":0,"name":"Shaded","section":"Shading Mode"},"sceneLighting":true,"audioPlay":false,"sceneViewState":{"showFog":true,"showMaterialUpdate":true,"showSkybox":true,"showFlares":true,"showImageEffects":false,"showParticleSystems":true},"in2DMode":false,"pivot":{"x":13.892569541931153,"y":24.20541763305664,"z":9.436277389526368},"rotation":{"x":0.03036218136548996,"y":-0.9686501026153565,"z":0.18729539215564729,"w":0.1631496548652649},"size":32.40845489501953,"orthographic":false}