{"cameraMode":{"drawMode":0,"name":"Shaded","section":"Shading Mode"},"sceneLighting":true,"audioPlay":false,"sceneViewState":{"showFog":true,"showMaterialUpdate":true,"showSkybox":true,"showFlares":true,"showImageEffects":false,"showParticleSystems":true},"in2DMode":false,"pivot":{"x":9.45865249633789,"y":16.667144775390626,"z":-32.037498474121097},"rotation":{"x":0.26326531171798708,"y":0.5807489156723023,"z":-0.20613044500350953,"w":0.7427113652229309},"size":38.962318420410159,"orthographic":false}